country,year,indicator,value
Slovenija,2023,gdp_per_capita,32660.4753581346
Slovenija,2022,gdp_per_capita,28360.3041467268
Slovenija,2021,gdp_per_capita,29192.8401933019
Slovenija,2020,gdp_per_capita,25392.0651093612
Slovenija,2019,gdp_per_capita,25814.1687167572
Slovenija,2018,gdp_per_capita,25888.0481065655
Slovenija,2017,gdp_per_capita,23303.077705959
Slovenija,2016,gdp_per_capita,21447.8377796036
Slovenija,2015,gdp_per_capita,20697.2748530619
Slovenija,2014,gdp_per_capita,24013.0682060959
Slovenija,2013,gdp_per_capita,23236.9655321695
Slovenija,2012,gdp_per_capita,22442.1417859955
Slovenija,2011,gdp_per_capita,24940.6284841605
Slovenija,2010,gdp_per_capita,23329.8417691156
Slovenija,2009,gdp_per_capita,24501.7897290425
Slovenija,2008,gdp_per_capita,27461.9764165315
Slovenija,2007,gdp_per_capita,23725.1596001515
Slovenija,2006,gdp_per_capita,19563.005059144
Slovenija,2005,gdp_per_capita,17969.7095907161
Slovenija,2004,gdp_per_capita,17103.8297783905
Slovenija,2003,gdp_per_capita,14711.674874253
Slovenija,2002,gdp_per_capita,11639.1297780477
Slovenija,2001,gdp_per_capita,10375.6255869861
Slovenija,2000,gdp_per_capita,10135.7219109212
Slovenija,2023,life_expectancy,81.9292682926829
Slovenija,2022,life_expectancy,81.2829268292683
Slovenija,2021,life_expectancy,80.6756097560976
Slovenija,2020,life_expectancy,80.5317073170732
Slovenija,2019,life_expectancy,81.5292682926829
Slovenija,2018,life_expectancy,81.3780487804878
Slovenija,2017,life_expectancy,81.0292682926829
Slovenija,2016,life_expectancy,81.1756097560976
Slovenija,2015,life_expectancy,80.7756097560976
Slovenija,2014,life_expectancy,81.0780487804878
Slovenija,2013,life_expectancy,80.3219512195122
Slovenija,2012,life_expectancy,80.1243902439024
Slovenija,2011,life_expectancy,79.9707317073171
Slovenija,2010,life_expectancy,79.4219512195122
Slovenija,2009,life_expectancy,78.9707317073171
Slovenija,2008,life_expectancy,78.7658536585366
Slovenija,2007,life_expectancy,78.5609756097561
Slovenija,2006,life_expectancy,78.0865853658537
Slovenija,2005,life_expectancy,77.6121951219512
Slovenija,2004,life_expectancy,77.2073170731707
Slovenija,2003,life_expectancy,76.8585365853659
Slovenija,2002,life_expectancy,76.0073170731707
Slovenija,2001,life_expectancy,75.7585365853659
Slovenija,2000,life_expectancy,75.4121951219512
Slovenija,2023,internet_users,90.37794678
Slovenija,2022,internet_users,88.91248552
Slovenija,2021,internet_users,89.00399524
Slovenija,2020,internet_users,86.60130109
Slovenija,2019,internet_users,83.1083578026717
Slovenija,2018,internet_users,79.7499765956562
Slovenija,2017,internet_users,78.8854263554775
Slovenija,2016,internet_users,75.4985042610791
Slovenija,2015,internet_users,73.0986599745829
Slovenija,2014,internet_users,71.5862515855601
Slovenija,2013,internet_users,72.6756
Slovenija,2012,internet_users,68.3499745287825
Slovenija,2011,internet_users,67.3399948092396
Slovenija,2010,internet_users,70.0
Slovenija,2009,internet_users,64.0
Slovenija,2008,internet_users,58.0
Slovenija,2007,internet_users,56.74
Slovenija,2006,internet_users,54.01
Slovenija,2005,internet_users,46.81
Slovenija,2004,internet_users,40.81
Slovenija,2003,internet_users,31.8547930120441
Slovenija,2002,internet_users,27.8388854180687
Slovenija,2001,internet_users,30.1759104700854
Slovenija,2000,internet_users,15.1102595640388
Slovenija,2023,infant_mortality,1.9
Slovenija,2022,infant_mortality,1.9
Slovenija,2021,infant_mortality,1.9
Slovenija,2020,infant_mortality,1.9
Slovenija,2019,infant_mortality,2.0
Slovenija,2018,infant_mortality,2.0
Slovenija,2017,infant_mortality,2.0
Slovenija,2016,infant_mortality,2.1
Slovenija,2015,infant_mortality,2.1
Slovenija,2014,infant_mortality,2.2
Slovenija,2013,infant_mortality,2.3
Slovenija,2012,infant_mortality,2.4
Slovenija,2011,infant_mortality,2.5
Slovenija,2010,infant_mortality,2.6
Slovenija,2009,infant_mortality,2.8
Slovenija,2008,infant_mortality,2.9
Slovenija,2007,infant_mortality,3.1
Slovenija,2006,infant_mortality,3.3
Slovenija,2005,infant_mortality,3.5
Slovenija,2004,infant_mortality,3.7
Slovenija,2003,infant_mortality,3.9
Slovenija,2002,infant_mortality,4.1
Slovenija,2001,infant_mortality,4.3
Slovenija,2000,infant_mortality,4.5
Slovenija,2023,unemployment,3.652
Slovenija,2022,unemployment,4.011
Slovenija,2021,unemployment,4.744
Slovenija,2020,unemployment,4.971
Slovenija,2019,unemployment,4.446
Slovenija,2018,unemployment,5.108
Slovenija,2017,unemployment,6.564
Slovenija,2016,unemployment,8.0
Slovenija,2015,unemployment,8.962
Slovenija,2014,unemployment,9.668
Slovenija,2013,unemployment,10.103
Slovenija,2012,unemployment,8.841
Slovenija,2011,unemployment,8.166
Slovenija,2010,unemployment,7.236
Slovenija,2009,unemployment,5.858
Slovenija,2008,unemployment,4.371
Slovenija,2007,unemployment,4.818
Slovenija,2006,unemployment,5.95
Slovenija,2005,unemployment,6.506
Slovenija,2004,unemployment,6.012
Slovenija,2003,unemployment,6.479
Slovenija,2002,unemployment,5.922
Slovenija,2001,unemployment,5.682
Slovenija,2000,unemployment,6.918
Slovenija,2023,youth_unemployment,9.948
Slovenija,2022,youth_unemployment,10.14
Slovenija,2021,youth_unemployment,12.846
Slovenija,2020,youth_unemployment,14.179
Slovenija,2019,youth_unemployment,8.136
Slovenija,2018,youth_unemployment,8.817
Slovenija,2017,youth_unemployment,11.24
Slovenija,2016,youth_unemployment,15.243
Slovenija,2015,youth_unemployment,16.299
Slovenija,2014,youth_unemployment,20.236
Slovenija,2013,youth_unemployment,21.665
Slovenija,2012,youth_unemployment,20.649
Slovenija,2011,youth_unemployment,15.764
Slovenija,2010,youth_unemployment,14.7
Slovenija,2009,youth_unemployment,13.661
Slovenija,2008,youth_unemployment,10.506
Slovenija,2007,youth_unemployment,10.127
Slovenija,2006,youth_unemployment,13.887
Slovenija,2005,youth_unemployment,15.968
Slovenija,2004,youth_unemployment,14.1
Slovenija,2003,youth_unemployment,15.346
Slovenija,2002,youth_unemployment,14.904
Slovenija,2001,youth_unemployment,15.73
Slovenija,2000,youth_unemployment,16.367
Slovenija,2023,inflation,7.44687717385838
Slovenija,2022,inflation,8.83369886749452
Slovenija,2021,inflation,1.91706506089259
Slovenija,2020,inflation,-0.05485681576061
Slovenija,2019,inflation,1.63052260754344
Slovenija,2018,inflation,1.7386086198818
Slovenija,2017,inflation,1.42910743319306
Slovenija,2016,inflation,-0.054999541670474
Slovenija,2015,inflation,-0.525552285820877
Slovenija,2014,inflation,0.19934382657075
Slovenija,2013,inflation,1.76920085881907
Slovenija,2012,inflation,2.59741386039003
Slovenija,2011,inflation,1.8028517194191
Slovenija,2010,inflation,1.80117022137134
Slovenija,2009,inflation,0.839262246793887
Slovenija,2008,inflation,5.64742380573935
Slovenija,2007,inflation,3.65749563284099
Slovenija,2006,inflation,2.45792444195865
Slovenija,2005,inflation,2.45150132316475
Slovenija,2004,inflation,3.59297594249509
Slovenija,2003,inflation,5.54416421752901
Slovenija,2002,inflation,7.48077770703754
Slovenija,2001,inflation,8.37966587492204
Slovenija,2000,inflation,8.91174418658769
Slovenija,2023,fertility_rate,1.51
Slovenija,2022,fertility_rate,1.55
Slovenija,2021,fertility_rate,1.64
Slovenija,2020,fertility_rate,1.59
Slovenija,2019,fertility_rate,1.61
Slovenija,2018,fertility_rate,1.6
Slovenija,2017,fertility_rate,1.62
Slovenija,2016,fertility_rate,1.58
Slovenija,2015,fertility_rate,1.57
Slovenija,2014,fertility_rate,1.58
Slovenija,2013,fertility_rate,1.55
Slovenija,2012,fertility_rate,1.58
Slovenija,2011,fertility_rate,1.56
Slovenija,2010,fertility_rate,1.57
Slovenija,2009,fertility_rate,1.53
Slovenija,2008,fertility_rate,1.53
Slovenija,2007,fertility_rate,1.38
Slovenija,2006,fertility_rate,1.31
Slovenija,2005,fertility_rate,1.26
Slovenija,2004,fertility_rate,1.25
Slovenija,2003,fertility_rate,1.2
Slovenija,2002,fertility_rate,1.21
Slovenija,2001,fertility_rate,1.21
Slovenija,2000,fertility_rate,1.26
Avstrija,2023,gdp_per_capita,56579.504175468
Avstrija,2022,gdp_per_capita,52336.7725223758
Avstrija,2021,gdp_per_capita,53648.6437976214
Avstrija,2020,gdp_per_capita,48716.4098900349
Avstrija,2019,gdp_per_capita,49885.9947355204
Avstrija,2018,gdp_per_capita,51194.0749841299
Avstrija,2017,gdp_per_capita,47163.7425775142
Avstrija,2016,gdp_per_capita,45061.4993920192
Avstrija,2015,gdp_per_capita,43915.228020857
Avstrija,2014,gdp_per_capita,51314.9722616322
Avstrija,2013,gdp_per_capita,50305.3545774973
Avstrija,2012,gdp_per_capita,48250.4059142637
Avstrija,2011,gdp_per_capita,51116.8953522042
Avstrija,2010,gdp_per_capita,46611.1393420232
Avstrija,2009,gdp_per_capita,47857.4446635266
Avstrija,2008,gdp_per_capita,51581.3982361071
Avstrija,2007,gdp_per_capita,46622.9622913635
Avstrija,2006,gdp_per_capita,40382.2078298575
Avstrija,2005,gdp_per_capita,38157.37022862
Avstrija,2004,gdp_per_capita,36614.2506533707
Avstrija,2003,gdp_per_capita,32110.1159661425
Avstrija,2002,gdp_per_capita,26334.862215032
Avstrija,2001,gdp_per_capita,24430.495982841
Avstrija,2000,gdp_per_capita,24487.2974685956
Avstrija,2023,life_expectancy,81.7926829268293
Avstrija,2022,life_expectancy,81.2951219512195
Avstrija,2021,life_expectancy,81.190243902439
Avstrija,2020,life_expectancy,81.1926829268293
Avstrija,2019,life_expectancy,81.8951219512195
Avstrija,2018,life_expectancy,81.6926829268293
Avstrija,2017,life_expectancy,81.6439024390244
Avstrija,2016,life_expectancy,81.6414634146342
Avstrija,2015,life_expectancy,81.190243902439
Avstrija,2014,life_expectancy,81.490243902439
Avstrija,2013,life_expectancy,81.1365853658537
Avstrija,2012,life_expectancy,80.9365853658537
Avstrija,2011,life_expectancy,80.9829268292683
Avstrija,2010,life_expectancy,80.5804878048781
Avstrija,2009,life_expectancy,80.3317073170732
Avstrija,2008,life_expectancy,80.4317073170732
Avstrija,2007,life_expectancy,80.1804878048781
Avstrija,2006,life_expectancy,79.8804878048781
Avstrija,2005,life_expectancy,79.3317073170732
Avstrija,2004,life_expectancy,79.1804878048781
Avstrija,2003,life_expectancy,78.6317073170732
Avstrija,2002,life_expectancy,78.6780487804878
Avstrija,2001,life_expectancy,78.5756097560976
Avstrija,2000,life_expectancy,78.1268292682927
Avstrija,2023,internet_users,95.33467117
Avstrija,2022,internet_users,93.61409139
Avstrija,2021,internet_users,92.52915104
Avstrija,2020,internet_users,87.52942813
Avstrija,2019,internet_users,87.7522047870069
Avstrija,2018,internet_users,87.4791372262556
Avstrija,2017,internet_users,87.9355865856062
Avstrija,2016,internet_users,84.3237425711653
Avstrija,2015,internet_users,83.9401419315026
Avstrija,2014,internet_users,80.9958249574764
Avstrija,2013,internet_users,80.6188
Avstrija,2012,internet_users,80.0299939169903
Avstrija,2011,internet_users,78.7399930986888
Avstrija,2010,internet_users,75.17
Avstrija,2009,internet_users,73.45
Avstrija,2008,internet_users,72.87
Avstrija,2007,internet_users,69.37
Avstrija,2006,internet_users,63.6
Avstrija,2005,internet_users,58.0
Avstrija,2004,internet_users,54.28
Avstrija,2003,internet_users,42.7
Avstrija,2002,internet_users,36.56
Avstrija,2001,internet_users,39.1854501811114
Avstrija,2000,internet_users,33.7301329516915
Avstrija,2023,infant_mortality,2.8
Avstrija,2022,infant_mortality,2.8
Avstrija,2021,infant_mortality,2.8
Avstrija,2020,infant_mortality,2.9
Avstrija,2019,infant_mortality,2.9
Avstrija,2018,infant_mortality,2.9
Avstrija,2017,infant_mortality,3.0
Avstrija,2016,infant_mortality,3.0
Avstrija,2015,infant_mortality,3.1
Avstrija,2014,infant_mortality,3.2
Avstrija,2013,infant_mortality,3.3
Avstrija,2012,infant_mortality,3.4
Avstrija,2011,infant_mortality,3.5
Avstrija,2010,infant_mortality,3.6
Avstrija,2009,infant_mortality,3.7
Avstrija,2008,infant_mortality,3.8
Avstrija,2007,infant_mortality,3.9
Avstrija,2006,infant_mortality,4.0
Avstrija,2005,infant_mortality,4.1
Avstrija,2004,infant_mortality,4.2
Avstrija,2003,infant_mortality,4.3
Avstrija,2002,infant_mortality,4.4
Avstrija,2001,infant_mortality,4.5
Avstrija,2000,infant_mortality,4.6
Avstrija,2023,unemployment,5.264
Avstrija,2022,unemployment,4.992
Avstrija,2021,unemployment,6.459
Avstrija,2020,unemployment,5.201
Avstrija,2019,unemployment,4.56
Avstrija,2018,unemployment,4.933
Avstrija,2017,unemployment,5.561
Avstrija,2016,unemployment,6.064
Avstrija,2015,unemployment,5.802
Avstrija,2014,unemployment,5.674
Avstrija,2013,unemployment,5.367
Avstrija,2012,unemployment,4.909
Avstrija,2011,unemployment,4.637
Avstrija,2010,unemployment,4.883
Avstrija,2009,unemployment,5.371
Avstrija,2008,unemployment,4.198
Avstrija,2007,unemployment,4.909
Avstrija,2006,unemployment,5.32
Avstrija,2005,unemployment,5.682
Avstrija,2004,unemployment,5.969
Avstrija,2003,unemployment,4.779
Avstrija,2002,unemployment,4.852
Avstrija,2001,unemployment,4.007
Avstrija,2000,unemployment,4.687
Avstrija,2023,youth_unemployment,10.98
Avstrija,2022,youth_unemployment,10.327
Avstrija,2021,youth_unemployment,12.023
Avstrija,2020,youth_unemployment,10.325
Avstrija,2019,youth_unemployment,8.767
Avstrija,2018,youth_unemployment,9.572
Avstrija,2017,youth_unemployment,9.971
Avstrija,2016,youth_unemployment,11.424
Avstrija,2015,youth_unemployment,10.91
Avstrija,2014,youth_unemployment,10.508
Avstrija,2013,youth_unemployment,9.767
Avstrija,2012,youth_unemployment,9.561
Avstrija,2011,youth_unemployment,9.173
Avstrija,2010,youth_unemployment,9.673
Avstrija,2009,youth_unemployment,10.896
Avstrija,2008,youth_unemployment,8.72
Avstrija,2007,youth_unemployment,9.596
Avstrija,2006,youth_unemployment,10.046
Avstrija,2005,youth_unemployment,11.178
Avstrija,2004,youth_unemployment,10.991
Avstrija,2003,youth_unemployment,7.429
Avstrija,2002,youth_unemployment,7.137
Avstrija,2001,youth_unemployment,6.001
Avstrija,2000,youth_unemployment,6.285
Avstrija,2023,inflation,7.81413417002831
Avstrija,2022,inflation,8.54686993188457
Avstrija,2021,inflation,2.7666666666667
Avstrija,2020,inflation,1.38191063351853
Avstrija,2019,inflation,1.53089564152643
Avstrija,2018,inflation,1.99837981429548
Avstrija,2017,inflation,2.08126911385586
Avstrija,2016,inflation,0.891591752655362
Avstrija,2015,inflation,0.896563335260319
Avstrija,2014,inflation,1.60581182954473
Avstrija,2013,inflation,2.00015616900597
Avstrija,2012,inflation,2.48567562177014
Avstrija,2011,inflation,3.2865791487538
Avstrija,2010,inflation,1.81353438995061
Avstrija,2009,inflation,0.506308827696504
Avstrija,2008,inflation,3.21595033239879
Avstrija,2007,inflation,2.16855528800756
Avstrija,2006,inflation,1.44154851119016
Avstrija,2005,inflation,2.29913785639285
Avstrija,2004,inflation,2.06120618032869
Avstrija,2003,inflation,1.35555370896445
Avstrija,2002,inflation,1.81035787764128
Avstrija,2001,inflation,2.65000077279529
Avstrija,2000,inflation,2.3448628535728
Avstrija,2023,fertility_rate,1.32
Avstrija,2022,fertility_rate,1.41
Avstrija,2021,fertility_rate,1.48
Avstrija,2020,fertility_rate,1.44
Avstrija,2019,fertility_rate,1.46
Avstrija,2018,fertility_rate,1.47
Avstrija,2017,fertility_rate,1.52
Avstrija,2016,fertility_rate,1.53
Avstrija,2015,fertility_rate,1.49
Avstrija,2014,fertility_rate,1.46
Avstrija,2013,fertility_rate,1.44
Avstrija,2012,fertility_rate,1.44
Avstrija,2011,fertility_rate,1.43
Avstrija,2010,fertility_rate,1.44
Avstrija,2009,fertility_rate,1.39
Avstrija,2008,fertility_rate,1.42
Avstrija,2007,fertility_rate,1.38
Avstrija,2006,fertility_rate,1.41
Avstrija,2005,fertility_rate,1.41
Avstrija,2004,fertility_rate,1.42
Avstrija,2003,fertility_rate,1.38
Avstrija,2002,fertility_rate,1.39
Avstrija,2001,fertility_rate,1.33
Avstrija,2000,fertility_rate,1.36
Hrvaška,2023,gdp_per_capita,22184.2279304842
Hrvaška,2022,gdp_per_capita,18465.5414420364
Hrvaška,2021,gdp_per_capita,17788.7865816658
Hrvaška,2020,gdp_per_capita,14807.5608543265
Hrvaška,2019,gdp_per_capita,15563.5987295029
Hrvaška,2018,gdp_per_capita,15460.3669595491
Hrvaška,2017,gdp_per_capita,13901.7878144679
Hrvaška,2016,gdp_per_capita,12820.1653893008
Hrvaška,2015,gdp_per_capita,12283.7840620053
Hrvaška,2014,gdp_per_capita,14186.7295493276
Hrvaška,2013,gdp_per_capita,14134.9474982889
Hrvaška,2012,gdp_per_capita,13507.7805260991
Hrvaška,2011,gdp_per_capita,14691.558296292
Hrvaška,2010,gdp_per_capita,13729.7654965022
Hrvaška,2009,gdp_per_capita,14474.6519774194
Hrvaška,2008,gdp_per_capita,15888.0606949392
Hrvaška,2007,gdp_per_capita,13755.8321073292
Hrvaška,2006,gdp_per_capita,11501.2099669894
Hrvaška,2005,gdp_per_capita,10443.5278353294
Hrvaška,2004,gdp_per_capita,9718.97322801967
Hrvaška,2003,gdp_per_capita,8190.11135193887
Hrvaška,2002,gdp_per_capita,6219.58164143945
Hrvaška,2001,gdp_per_capita,5364.83824691607
Hrvaška,2000,gdp_per_capita,4953.65158789022
Hrvaška,2023,life_expectancy,78.4731707317073
Hrvaška,2022,life_expectancy,77.5756097560976
Hrvaška,2021,life_expectancy,76.4243902439025
Hrvaška,2020,life_expectancy,77.5243902439024
Hrvaška,2019,life_expectancy,78.2243902439024
Hrvaška,2018,life_expectancy,77.919512195122
Hrvaška,2017,life_expectancy,77.7268292682927
Hrvaška,2016,life_expectancy,77.9219512195122
Hrvaška,2015,life_expectancy,77.2756097560976
Hrvaška,2014,life_expectancy,77.7243902439024
Hrvaška,2013,life_expectancy,77.5707317073171
Hrvaška,2012,life_expectancy,77.1682926829268
Hrvaška,2011,life_expectancy,76.7756097560976
Hrvaška,2010,life_expectancy,76.4756097560976
Hrvaška,2009,life_expectancy,76.1682926829268
Hrvaška,2008,life_expectancy,75.9121951219512
Hrvaška,2007,life_expectancy,75.7056097560976
Hrvaška,2006,life_expectancy,75.8368292682927
Hrvaška,2005,life_expectancy,75.2446341463415
Hrvaška,2004,life_expectancy,75.520243902439
Hrvaška,2003,life_expectancy,74.6139024390244
Hrvaška,2002,life_expectancy,74.7173170731707
Hrvaška,2001,life_expectancy,74.5129268292683
Hrvaška,2000,life_expectancy,72.8078048780488
Hrvaška,2023,internet_users,83.24117599
Hrvaška,2022,internet_users,82.07155532
Hrvaška,2021,internet_users,81.25396608
Hrvaška,2020,internet_users,78.32090004
Hrvaška,2019,internet_users,79.0797836757554
Hrvaška,2018,internet_users,75.2946259897258
Hrvaška,2017,internet_users,67.0961920368478
Hrvaška,2016,internet_users,72.6972696701463
Hrvaška,2015,internet_users,69.8450359238281
Hrvaška,2014,internet_users,68.5678992528467
Hrvaška,2013,internet_users,66.7476
Hrvaška,2012,internet_users,61.9399731527956
Hrvaška,2011,internet_users,57.7899789891444
Hrvaška,2010,internet_users,56.55
Hrvaška,2009,internet_users,50.58
Hrvaška,2008,internet_users,44.24
Hrvaška,2007,internet_users,41.44
Hrvaška,2006,internet_users,37.97999954
Hrvaška,2005,internet_users,33.13999939
Hrvaška,2004,internet_users,30.91
Hrvaška,2003,internet_users,22.75
Hrvaška,2002,internet_users,17.76
Hrvaška,2001,internet_users,11.5585731811648
Hrvaška,2000,internet_users,6.64488254374396
Hrvaška,2023,infant_mortality,4.0
Hrvaška,2022,infant_mortality,3.9
Hrvaška,2021,infant_mortality,3.9
Hrvaška,2020,infant_mortality,4.0
Hrvaška,2019,infant_mortality,4.0
Hrvaška,2018,infant_mortality,4.1
Hrvaška,2017,infant_mortality,4.1
Hrvaška,2016,infant_mortality,4.1
Hrvaška,2015,infant_mortality,4.2
Hrvaška,2014,infant_mortality,4.2
Hrvaška,2013,infant_mortality,4.3
Hrvaška,2012,infant_mortality,4.4
Hrvaška,2011,infant_mortality,4.5
Hrvaška,2010,infant_mortality,4.7
Hrvaška,2009,infant_mortality,4.8
Hrvaška,2008,infant_mortality,5.0
Hrvaška,2007,infant_mortality,5.3
Hrvaška,2006,infant_mortality,5.5
Hrvaška,2005,infant_mortality,5.8
Hrvaška,2004,infant_mortality,6.1
Hrvaška,2003,infant_mortality,6.6
Hrvaška,2002,infant_mortality,6.6
Hrvaška,2001,infant_mortality,6.9
Hrvaška,2000,infant_mortality,7.2
Hrvaška,2023,unemployment,6.121
Hrvaška,2022,unemployment,6.811
Hrvaška,2021,unemployment,7.483
Hrvaška,2020,unemployment,7.389
Hrvaška,2019,unemployment,6.551
Hrvaška,2018,unemployment,8.322
Hrvaška,2017,unemployment,11.078
Hrvaška,2016,unemployment,13.015
Hrvaška,2015,unemployment,16.15
Hrvaška,2014,unemployment,17.209
Hrvaška,2013,unemployment,17.231
Hrvaška,2012,unemployment,16.046
Hrvaška,2011,unemployment,13.678
Hrvaška,2010,unemployment,11.62
Hrvaška,2009,unemployment,9.202
Hrvaška,2008,unemployment,8.53
Hrvaška,2007,unemployment,9.909
Hrvaška,2006,unemployment,11.13
Hrvaška,2005,unemployment,12.598
Hrvaška,2004,unemployment,13.664
Hrvaška,2003,unemployment,13.924
Hrvaška,2002,unemployment,15.053
Hrvaška,2001,unemployment,15.822
Hrvaška,2000,unemployment,16.064
Hrvaška,2023,youth_unemployment,18.91
Hrvaška,2022,youth_unemployment,17.744
Hrvaška,2021,youth_unemployment,21.542
Hrvaška,2020,youth_unemployment,20.673
Hrvaška,2019,youth_unemployment,16.71
Hrvaška,2018,youth_unemployment,23.509
Hrvaška,2017,youth_unemployment,27.425
Hrvaška,2016,youth_unemployment,30.949
Hrvaška,2015,youth_unemployment,42.31
Hrvaška,2014,youth_unemployment,45.703
Hrvaška,2013,youth_unemployment,50.488
Hrvaška,2012,youth_unemployment,42.512
Hrvaška,2011,youth_unemployment,36.666
Hrvaška,2010,youth_unemployment,32.355
Hrvaška,2009,youth_unemployment,25.213
Hrvaška,2008,youth_unemployment,23.678
Hrvaška,2007,youth_unemployment,25.123
Hrvaška,2006,youth_unemployment,29.1
Hrvaška,2005,youth_unemployment,32.541
Hrvaška,2004,youth_unemployment,32.826
Hrvaška,2003,youth_unemployment,36.089
Hrvaška,2002,youth_unemployment,36.533
Hrvaška,2001,youth_unemployment,39.721
Hrvaška,2000,youth_unemployment,41.872
Hrvaška,2023,inflation,7.9412817758683
Hrvaška,2022,inflation,10.7805806758686
Hrvaška,2021,inflation,2.55450699642041
Hrvaška,2020,inflation,0.154811374562106
Hrvaška,2019,inflation,0.771820346498019
Hrvaška,2018,inflation,1.50012501041756
Hrvaška,2017,inflation,1.12937210282347
Hrvaška,2016,inflation,-1.12500000000002
Hrvaška,2015,inflation,-0.464499004644911
Hrvaška,2014,inflation,-0.215196159576268
Hrvaška,2013,inflation,2.21658206429779
Hrvaška,2012,inflation,3.41207349081358
Hrvaška,2011,inflation,2.2727272727273
Hrvaška,2010,inflation,1.03055505333574
Hrvaška,2009,inflation,2.37852845904674
Hrvaška,2008,inflation,6.07696838798354
Hrvaška,2007,inflation,2.89928275583388
Hrvaška,2006,inflation,3.18982591472949
Hrvaška,2005,inflation,3.31717824448045
Hrvaška,2004,inflation,2.05539679050328
Hrvaška,2003,inflation,1.76733780760629
Hrvaška,2002,inflation,1.67178437393383
Hrvaška,2001,inflation,3.77670246665889
Hrvaška,2000,inflation,4.61131554737801
Hrvaška,2023,fertility_rate,1.46
Hrvaška,2022,fertility_rate,1.53
Hrvaška,2021,fertility_rate,1.62
Hrvaška,2020,fertility_rate,1.48
Hrvaška,2019,fertility_rate,1.47
Hrvaška,2018,fertility_rate,1.47
Hrvaška,2017,fertility_rate,1.42
Hrvaška,2016,fertility_rate,1.43
Hrvaška,2015,fertility_rate,1.41
Hrvaška,2014,fertility_rate,1.46
Hrvaška,2013,fertility_rate,1.46
Hrvaška,2012,fertility_rate,1.52
Hrvaška,2011,fertility_rate,1.41
Hrvaška,2010,fertility_rate,1.46
Hrvaška,2009,fertility_rate,1.5
Hrvaška,2008,fertility_rate,1.47
Hrvaška,2007,fertility_rate,1.48
Hrvaška,2006,fertility_rate,1.47
Hrvaška,2005,fertility_rate,1.5
Hrvaška,2004,fertility_rate,1.43
Hrvaška,2003,fertility_rate,1.41
Hrvaška,2002,fertility_rate,1.42
Hrvaška,2001,fertility_rate,1.46
Hrvaška,2000,fertility_rate,1.39
Madžarska,2023,gdp_per_capita,22230.6277875187
Madžarska,2022,gdp_per_capita,18428.028825614
Madžarska,2021,gdp_per_capita,19030.628130329
Madžarska,2020,gdp_per_capita,16386.9308821258
Madžarska,2019,gdp_per_capita,17012.8598553199
Madžarska,2018,gdp_per_capita,16605.0570511887
Madžarska,2017,gdp_per_capita,14736.1668157258
Madžarska,2016,gdp_per_capita,13215.8605277789
Madžarska,2015,gdp_per_capita,12782.9412577973
Madžarska,2014,gdp_per_capita,14352.501883174
Madžarska,2013,gdp_per_capita,13739.4620151401
Madžarska,2012,gdp_per_capita,12950.1594488143
Madžarska,2011,gdp_per_capita,14211.460557822
Madžarska,2010,gdp_per_capita,13189.8433874768
Madžarska,2009,gdp_per_capita,13051.1831777184
Madžarska,2008,gdp_per_capita,15762.6322515113
Madžarska,2007,gdp_per_capita,13934.605460375
Madžarska,2006,gdp_per_capita,11478.4891640501
Madžarska,2005,gdp_per_capita,11212.2046968994
Madžarska,2004,gdp_per_capita,10291.2694721409
Madžarska,2003,gdp_per_capita,8410.09248198479
Madžarska,2002,gdp_per_capita,6658.04494326809
Madžarska,2001,gdp_per_capita,5280.94887987063
Madžarska,2000,gdp_per_capita,4629.91760812548
Madžarska,2023,life_expectancy,76.5707317073171
Madžarska,2022,life_expectancy,75.8682926829268
Madžarska,2021,life_expectancy,74.0658536585366
Madžarska,2020,life_expectancy,75.419512195122
Madžarska,2019,life_expectancy,76.3195121951219
Madžarska,2018,life_expectancy,76.0658536585366
Madžarska,2017,life_expectancy,75.8170731707317
Madžarska,2016,life_expectancy,76.0634146341464
Madžarska,2015,life_expectancy,75.5682926829269
Madžarska,2014,life_expectancy,75.7634146341463
Madžarska,2013,life_expectancy,75.5658536585366
Madžarska,2012,life_expectancy,75.0634146341463
Madžarska,2011,life_expectancy,74.8585365853659
Madžarska,2010,life_expectancy,74.2073170731707
Madžarska,2009,life_expectancy,73.9048780487805
Madžarska,2008,life_expectancy,73.7024390243903
Madžarska,2007,life_expectancy,73.1512195121951
Madžarska,2006,life_expectancy,73.0975609756098
Madžarska,2005,life_expectancy,72.6487804878049
Madžarska,2004,life_expectancy,72.6487804878049
Madžarska,2003,life_expectancy,72.3
Madžarska,2002,life_expectancy,72.3487804878049
Madžarska,2001,life_expectancy,72.2487804878049
Madžarska,2000,life_expectancy,71.2463414634146
Madžarska,2023,internet_users,91.4500713
Madžarska,2022,internet_users,89.14282688
Madžarska,2021,internet_users,88.64083466
Madžarska,2020,internet_users,84.77115202
Madžarska,2019,internet_users,80.3716936050482
Madžarska,2018,internet_users,76.0743606365063
Madžarska,2017,internet_users,76.7505471201922
Madžarska,2016,internet_users,79.2594121273057
Madžarska,2015,internet_users,72.8347370323805
Madžarska,2014,internet_users,75.6531974544103
Madžarska,2013,internet_users,72.6439
Madžarska,2012,internet_users,70.579998153838
Madžarska,2011,internet_users,68.0199878861296
Madžarska,2010,internet_users,65.0
Madžarska,2009,internet_users,62.0
Madžarska,2008,internet_users,61.0
Madžarska,2007,internet_users,53.3
Madžarska,2006,internet_users,47.06
Madžarska,2005,internet_users,38.97
Madžarska,2004,internet_users,27.74
Madžarska,2003,internet_users,21.63
Madžarska,2002,internet_users,16.67
Madžarska,2001,internet_users,14.5285543028277
Madžarska,2000,internet_users,6.99967635062916
Madžarska,2023,infant_mortality,3.2
Madžarska,2022,infant_mortality,3.2
Madžarska,2021,infant_mortality,3.3
Madžarska,2020,infant_mortality,3.4
Madžarska,2019,infant_mortality,3.4
Madžarska,2018,infant_mortality,3.6
Madžarska,2017,infant_mortality,3.7
Madžarska,2016,infant_mortality,4.0
Madžarska,2015,infant_mortality,4.2
Madžarska,2014,infant_mortality,4.5
Madžarska,2013,infant_mortality,4.7
Madžarska,2012,infant_mortality,4.8
Madžarska,2011,infant_mortality,5.0
Madžarska,2010,infant_mortality,5.1
Madžarska,2009,infant_mortality,5.3
Madžarska,2008,infant_mortality,5.5
Madžarska,2007,infant_mortality,5.8
Madžarska,2006,infant_mortality,6.1
Madžarska,2005,infant_mortality,6.4
Madžarska,2004,infant_mortality,6.8
Madžarska,2003,infant_mortality,7.2
Madžarska,2002,infant_mortality,7.6
Madžarska,2001,infant_mortality,8.1
Madžarska,2000,infant_mortality,8.7
Madžarska,2023,unemployment,4.096
Madžarska,2022,unemployment,3.583
Madžarska,2021,unemployment,4.021
Madžarska,2020,unemployment,4.248
Madžarska,2019,unemployment,3.411
Madžarska,2018,unemployment,3.667
Madžarska,2017,unemployment,4.156
Madžarska,2016,unemployment,5.115
Madžarska,2015,unemployment,6.813
Madžarska,2014,unemployment,7.725
Madžarska,2013,unemployment,10.177
Madžarska,2012,unemployment,11.003
Madžarska,2011,unemployment,11.029
Madžarska,2010,unemployment,11.172
Madžarska,2009,unemployment,10.03
Madžarska,2008,unemployment,7.817
Madžarska,2007,unemployment,7.406
Madžarska,2006,unemployment,7.494
Madžarska,2005,unemployment,7.189
Madžarska,2004,unemployment,5.832
Madžarska,2003,unemployment,5.79
Madžarska,2002,unemployment,5.608
Madžarska,2001,unemployment,5.671
Madžarska,2000,unemployment,6.563
Madžarska,2023,youth_unemployment,12.779
Madžarska,2022,youth_unemployment,10.541
Madžarska,2021,youth_unemployment,13.549
Madžarska,2020,youth_unemployment,12.882
Madžarska,2019,youth_unemployment,11.472
Madžarska,2018,youth_unemployment,10.115
Madžarska,2017,youth_unemployment,10.699
Madžarska,2016,youth_unemployment,12.923
Madžarska,2015,youth_unemployment,17.272
Madžarska,2014,youth_unemployment,20.378
Madžarska,2013,youth_unemployment,26.545
Madžarska,2012,youth_unemployment,28.185
Madžarska,2011,youth_unemployment,25.957
Madžarska,2010,youth_unemployment,26.392
Madžarska,2009,youth_unemployment,26.393
Madžarska,2008,youth_unemployment,19.602
Madžarska,2007,youth_unemployment,18.147
Madžarska,2006,youth_unemployment,19.364
Madžarska,2005,youth_unemployment,19.653
Madžarska,2004,youth_unemployment,14.604
Madžarska,2003,youth_unemployment,13.171
Madžarska,2002,youth_unemployment,11.754
Madžarska,2001,youth_unemployment,11.036
Madžarska,2000,youth_unemployment,12.862
Madžarska,2023,inflation,17.1249659678737
Madžarska,2022,inflation,14.6081439492433
Madžarska,2021,inflation,5.11096534382855
Madžarska,2020,inflation,3.32674385766738
Madžarska,2019,inflation,3.33858635382008
Madžarska,2018,inflation,2.85024792594646
Madžarska,2017,inflation,2.34824281150154
Madžarska,2016,inflation,0.394769306686392
Madžarska,2015,inflation,-0.0616446800641672
Madžarska,2014,inflation,-0.227566270988219
Madžarska,2013,inflation,1.73319984983101
Madžarska,2012,inflation,5.65214517088646
Madžarska,2011,inflation,3.9299209893507
Madžarska,2010,inflation,4.85555795691956
Madžarska,2009,inflation,4.21171171171171
Madžarska,2008,inflation,6.0425125388106
Madžarska,2007,inflation,7.9587451654491
Madžarska,2006,inflation,3.93032603841001
Madžarska,2005,inflation,3.56151711378352
Madžarska,2004,inflation,6.74434679569469
Madžarska,2003,inflation,4.66101694915254
Madžarska,2002,inflation,5.26544821583985
Madžarska,2001,inflation,9.11680911680911
Madžarska,2000,inflation,9.80361016908125
Madžarska,2023,fertility_rate,1.55
Madžarska,2022,fertility_rate,1.57
Madžarska,2021,fertility_rate,1.63
Madžarska,2020,fertility_rate,1.61
Madžarska,2019,fertility_rate,1.58
Madžarska,2018,fertility_rate,1.57
Madžarska,2017,fertility_rate,1.56
Madžarska,2016,fertility_rate,1.55
Madžarska,2015,fertility_rate,1.46
Madžarska,2014,fertility_rate,1.45
Madžarska,2013,fertility_rate,1.36
Madžarska,2012,fertility_rate,1.34
Madžarska,2011,fertility_rate,1.23
Madžarska,2010,fertility_rate,1.25
Madžarska,2009,fertility_rate,1.32
Madžarska,2008,fertility_rate,1.35
Madžarska,2007,fertility_rate,1.32
Madžarska,2006,fertility_rate,1.34
Madžarska,2005,fertility_rate,1.31
Madžarska,2004,fertility_rate,1.28
Madžarska,2003,fertility_rate,1.27
Madžarska,2002,fertility_rate,1.3
Madžarska,2001,fertility_rate,1.31
Madžarska,2000,fertility_rate,1.32
Italija,2023,gdp_per_capita,39277.0838783918
Italija,2022,gdp_per_capita,35653.9042103495
Italija,2021,gdp_per_capita,36852.5425414951
Italija,2020,gdp_per_capita,32091.4866621366
Italija,2019,gdp_per_capita,33812.788724868
Italija,2018,gdp_per_capita,34904.1081923834
Italija,2017,gdp_per_capita,32844.115660604
Italija,2016,gdp_per_capita,31391.5692898108
Italija,2015,gdp_per_capita,30639.8829751432
Italija,2014,gdp_per_capita,36028.3494022349
Italija,2013,gdp_per_capita,35701.6746002376
Italija,2012,gdp_per_capita,34854.3949441965
Italija,2011,gdp_per_capita,38432.3742820019
Italija,2010,gdp_per_capita,35856.8625485539
Italija,2009,gdp_per_capita,37099.6133958219
Italija,2008,gdp_per_capita,40828.5795580937
Italija,2007,gdp_per_capita,37826.1754554823
Italija,2006,gdp_per_capita,33537.1286994269
Italija,2005,gdp_per_capita,32062.723833669
Italija,2004,gdp_per_capita,31348.1901841445
Italija,2003,gdp_per_capita,27577.5700319855
Italija,2002,gdp_per_capita,22451.3964379368
Italija,2001,gdp_per_capita,20570.4385917862
Italija,2000,gdp_per_capita,20190.0035636084
Italija,2023,life_expectancy,83.3512195121951
Italija,2022,life_expectancy,82.7
Italija,2021,life_expectancy,82.6463414634146
Italija,2020,life_expectancy,82.1951219512195
Italija,2019,life_expectancy,83.4975609756098
Italija,2018,life_expectancy,83.3463414634146
Italija,2017,life_expectancy,82.9463414634147
Italija,2016,life_expectancy,83.2439024390244
Italija,2015,life_expectancy,82.5439024390244
Italija,2014,life_expectancy,83.090243902439
Italija,2013,life_expectancy,82.690243902439
Italija,2012,life_expectancy,82.2390243902439
Italija,2011,life_expectancy,82.1878048780488
Italija,2010,life_expectancy,82.0365853658537
Italija,2009,life_expectancy,81.6365853658537
Italija,2008,life_expectancy,81.4853658536585
Italija,2007,life_expectancy,81.4341463414634
Italija,2006,life_expectancy,81.2829268292683
Italija,2005,life_expectancy,80.7829268292683
Italija,2004,life_expectancy,80.7804878048781
Italija,2003,life_expectancy,79.9829268292683
Italija,2002,life_expectancy,80.2292682926829
Italija,2001,life_expectancy,80.1268292682927
Italija,2000,life_expectancy,79.7780487804878
Italija,2023,internet_users,87.0278292
Italija,2022,internet_users,85.06074504
Italija,2021,internet_users,74.8623274
Italija,2020,internet_users,70.48342785
Italija,2019,internet_users,67.8507102874836
Italija,2018,internet_users,74.3871829234822
Italija,2017,internet_users,63.0773469984291
Italija,2016,internet_users,61.3242527666303
Italija,2015,internet_users,58.1417349568747
Italija,2014,internet_users,55.6384602242293
Italija,2013,internet_users,58.4593
Italija,2012,internet_users,55.829997993283
Italija,2011,internet_users,54.3899983018814
Italija,2010,internet_users,53.68
Italija,2009,internet_users,48.83
Italija,2008,internet_users,44.53
Italija,2007,internet_users,40.79
Italija,2006,internet_users,37.99
Italija,2005,internet_users,35.0
Italija,2004,internet_users,33.24
Italija,2003,internet_users,29.04
Italija,2002,internet_users,28.04
Italija,2001,internet_users,27.2221169788811
Italija,2000,internet_users,23.1108742441037
Italija,2023,infant_mortality,2.3
Italija,2022,infant_mortality,2.4
Italija,2021,infant_mortality,2.5
Italija,2020,infant_mortality,2.5
Italija,2019,infant_mortality,2.6
Italija,2018,infant_mortality,2.7
Italija,2017,infant_mortality,2.8
Italija,2016,infant_mortality,2.9
Italija,2015,infant_mortality,3.0
Italija,2014,infant_mortality,3.1
Italija,2013,infant_mortality,3.1
Italija,2012,infant_mortality,3.2
Italija,2011,infant_mortality,3.3
Italija,2010,infant_mortality,3.4
Italija,2009,infant_mortality,3.4
Italija,2008,infant_mortality,3.5
Italija,2007,infant_mortality,3.6
Italija,2006,infant_mortality,3.7
Italija,2005,infant_mortality,3.8
Italija,2004,infant_mortality,3.9
Italija,2003,infant_mortality,4.1
Italija,2002,infant_mortality,4.3
Italija,2001,infant_mortality,4.5
Italija,2000,infant_mortality,4.7
Italija,2023,unemployment,7.627
Italija,2022,unemployment,8.069
Italija,2021,unemployment,9.497
Italija,2020,unemployment,9.192
Italija,2019,unemployment,9.884
Italija,2018,unemployment,10.538
Italija,2017,unemployment,11.211
Italija,2016,unemployment,11.688
Italija,2015,unemployment,11.896
Italija,2014,unemployment,12.683
Italija,2013,unemployment,12.149
Italija,2012,unemployment,10.655
Italija,2011,unemployment,8.359
Italija,2010,unemployment,8.363
Italija,2009,unemployment,7.749
Italija,2008,unemployment,6.723
Italija,2007,unemployment,6.076
Italija,2006,unemployment,6.777
Italija,2005,unemployment,7.73
Italija,2004,unemployment,7.866
Italija,2003,unemployment,8.869
Italija,2002,unemployment,9.211
Italija,2001,unemployment,9.599
Italija,2000,unemployment,10.834
Italija,2023,youth_unemployment,22.727
Italija,2022,youth_unemployment,23.704
Italija,2021,youth_unemployment,29.665
Italija,2020,youth_unemployment,29.629
Italija,2019,youth_unemployment,29.102
Italija,2018,youth_unemployment,32.185
Italija,2017,youth_unemployment,34.726
Italija,2016,youth_unemployment,37.758
Italija,2015,youth_unemployment,40.316
Italija,2014,youth_unemployment,42.669
Italija,2013,youth_unemployment,40.022
Italija,2012,youth_unemployment,35.294
Italija,2011,youth_unemployment,29.145
Italija,2010,youth_unemployment,27.91
Italija,2009,youth_unemployment,25.352
Italija,2008,youth_unemployment,21.217
Italija,2007,youth_unemployment,20.384
Italija,2006,youth_unemployment,21.792
Italija,2005,youth_unemployment,24.113
Italija,2004,youth_unemployment,24.424
Italija,2003,youth_unemployment,26.983
Italija,2002,youth_unemployment,27.171
Italija,2001,youth_unemployment,27.806
Italija,2000,youth_unemployment,31.46
Italija,2023,inflation,5.62219442195901
Italija,2022,inflation,8.20128991161718
Italija,2021,inflation,1.87378325762481
Italija,2020,inflation,-0.13770757391651
Italija,2019,inflation,0.611246943765304
Italija,2018,inflation,1.13748763600391
Italija,2017,inflation,1.22653316645812
Italija,2016,inflation,-0.09401665691575
Italija,2015,inflation,0.0387903996579733
Italija,2014,inflation,0.241047429826756
Italija,2013,inflation,1.21999342274306
Italija,2012,inflation,3.04136333226775
Italija,2011,inflation,2.78063272879323
Italija,2010,inflation,1.52551602118248
Italija,2009,inflation,0.774768131387381
Italija,2008,inflation,3.34783258401022
Italija,2007,inflation,1.82974112202403
Italija,2006,inflation,2.09084391012754
Italija,2005,inflation,1.9852929852798
Italija,2004,inflation,2.20673661423657
Italija,2003,inflation,2.6725555277285
Italija,2002,inflation,2.46532319171165
Italija,2001,inflation,2.78516542713554
Italija,2000,inflation,2.53768532095002
Italija,2023,fertility_rate,1.21
Italija,2022,fertility_rate,1.24
Italija,2021,fertility_rate,1.25
Italija,2020,fertility_rate,1.24
Italija,2019,fertility_rate,1.27
Italija,2018,fertility_rate,1.31
Italija,2017,fertility_rate,1.34
Italija,2016,fertility_rate,1.36
Italija,2015,fertility_rate,1.36
Italija,2014,fertility_rate,1.38
Italija,2013,fertility_rate,1.39
Italija,2012,fertility_rate,1.42
Italija,2011,fertility_rate,1.42
Italija,2010,fertility_rate,1.44
Italija,2009,fertility_rate,1.44
Italija,2008,fertility_rate,1.44
Italija,2007,fertility_rate,1.39
Italija,2006,fertility_rate,1.37
Italija,2005,fertility_rate,1.33
Italija,2004,fertility_rate,1.34
Italija,2003,fertility_rate,1.29
Italija,2002,fertility_rate,1.27
Italija,2001,fertility_rate,1.25
Italija,2000,fertility_rate,1.26
Češka,2023,gdp_per_capita,31761.5944102491
Češka,2022,gdp_per_capita,28282.2236715857
Češka,2021,gdp_per_capita,27696.4619527544
Češka,2020,gdp_per_capita,23472.8915454417
Češka,2019,gdp_per_capita,24062.7190013343
Češka,2018,gdp_per_capita,23705.9329811299
Češka,2017,gdp_per_capita,20913.197632212
Češka,2016,gdp_per_capita,18753.9686718096
Češka,2015,gdp_per_capita,17931.5987670768
Češka,2014,gdp_per_capita,20038.4163180257
Češka,2013,gdp_per_capita,20260.4954999375
Češka,2012,gdp_per_capita,20014.0354015165
Češka,2011,gdp_per_capita,22049.1080788682
Češka,2010,gdp_per_capita,20160.4355077059
Češka,2009,gdp_per_capita,19817.4215836554
Češka,2008,gdp_per_capita,22774.7045076205
Češka,2007,gdp_per_capita,18452.6532812196
Češka,2006,gdp_per_capita,15259.0788162004
Češka,2005,gdp_per_capita,13442.4916284309
Češka,2004,gdp_per_capita,11782.5546676117
Češka,2003,gdp_per_capita,9852.45677945801
Češka,2002,gdp_per_capita,8101.26018588111
Češka,2001,gdp_per_capita,6669.07494847497
Češka,2000,gdp_per_capita,6062.92152842793
Češka,2023,life_expectancy,79.8268292682927
Češka,2022,life_expectancy,78.9292682926829
Češka,2021,life_expectancy,77.2219512195122
Češka,2020,life_expectancy,78.2268292682927
Češka,2019,life_expectancy,79.2292682926829
Češka,2018,life_expectancy,79.0292682926829
Češka,2017,life_expectancy,78.9780487804878
Češka,2016,life_expectancy,79.0268292682927
Češka,2015,life_expectancy,78.5780487804878
Češka,2014,life_expectancy,78.8243902439024
Češka,2013,life_expectancy,78.1756097560976
Češka,2012,life_expectancy,78.0756097560976
Češka,2011,life_expectancy,77.8731707317073
Češka,2010,life_expectancy,77.4243902439025
Češka,2009,life_expectancy,77.0780487804878
Češka,2008,life_expectancy,76.9756097560976
Češka,2007,life_expectancy,76.7243902439025
Češka,2006,life_expectancy,76.5243902439024
Češka,2005,life_expectancy,75.9243902439025
Češka,2004,life_expectancy,75.7219512195122
Češka,2003,life_expectancy,75.1707317073171
Češka,2002,life_expectancy,75.2219512195122
Češka,2001,life_expectancy,75.1731707317073
Češka,2000,life_expectancy,74.9682926829268
Češka,2023,internet_users,85.99404818
Češka,2022,internet_users,84.54009378
Češka,2021,internet_users,82.67062427
Češka,2020,internet_users,81.33889705
Češka,2019,internet_users,80.8669444139622
Češka,2018,internet_users,80.6881675434288
Češka,2017,internet_users,78.7191728513432
Češka,2016,internet_users,76.4811986951838
Češka,2015,internet_users,75.668838699279
Češka,2014,internet_users,74.2317116367383
Češka,2013,internet_users,74.1104
Češka,2012,internet_users,73.4300078241036
Češka,2011,internet_users,70.49
Češka,2010,internet_users,68.82
Češka,2009,internet_users,64.43
Češka,2008,internet_users,62.97
Češka,2007,internet_users,51.93
Češka,2006,internet_users,47.93
Češka,2005,internet_users,35.27
Češka,2004,internet_users,35.5
Češka,2003,internet_users,34.3
Češka,2002,internet_users,23.93
Češka,2001,internet_users,14.6971721171129
Češka,2000,internet_users,9.78052788834393
Češka,2023,infant_mortality,2.1
Češka,2022,infant_mortality,2.2
Češka,2021,infant_mortality,2.3
Češka,2020,infant_mortality,2.4
Češka,2019,infant_mortality,2.4
Češka,2018,infant_mortality,2.5
Češka,2017,infant_mortality,2.6
Češka,2016,infant_mortality,2.6
Češka,2015,infant_mortality,2.6
Češka,2014,infant_mortality,2.5
Češka,2013,infant_mortality,2.5
Češka,2012,infant_mortality,2.6
Češka,2011,infant_mortality,2.6
Češka,2010,infant_mortality,2.7
Češka,2009,infant_mortality,2.9
Češka,2008,infant_mortality,3.0
Češka,2007,infant_mortality,3.2
Češka,2006,infant_mortality,3.3
Češka,2005,infant_mortality,3.5
Češka,2004,infant_mortality,3.7
Češka,2003,infant_mortality,3.9
Češka,2002,infant_mortality,4.0
Češka,2001,infant_mortality,4.2
Češka,2000,infant_mortality,4.5
Češka,2023,unemployment,2.579
Češka,2022,unemployment,2.224
Češka,2021,unemployment,2.803
Češka,2020,unemployment,2.55
Češka,2019,unemployment,2.015
Češka,2018,unemployment,2.246
Češka,2017,unemployment,2.893
Češka,2016,unemployment,3.952
Češka,2015,unemployment,5.048
Češka,2014,unemployment,6.108
Češka,2013,unemployment,6.953
Češka,2012,unemployment,6.979
Češka,2011,unemployment,6.712
Češka,2010,unemployment,7.281
Češka,2009,unemployment,6.662
Češka,2008,unemployment,4.392
Češka,2007,unemployment,5.316
Češka,2006,unemployment,7.141
Češka,2005,unemployment,7.927
Češka,2004,unemployment,8.298
Češka,2003,unemployment,7.777
Češka,2002,unemployment,7.28
Češka,2001,unemployment,8.128
Češka,2000,unemployment,8.764
Češka,2023,youth_unemployment,8.507
Češka,2022,youth_unemployment,6.72
Češka,2021,youth_unemployment,8.134
Češka,2020,youth_unemployment,7.936
Češka,2019,youth_unemployment,5.615
Češka,2018,youth_unemployment,6.714
Češka,2017,youth_unemployment,7.936
Češka,2016,youth_unemployment,10.488
Češka,2015,youth_unemployment,12.582
Češka,2014,youth_unemployment,15.841
Češka,2013,youth_unemployment,18.958
Češka,2012,youth_unemployment,19.508
Češka,2011,youth_unemployment,18.077
Češka,2010,youth_unemployment,18.356
Češka,2009,youth_unemployment,16.656
Češka,2008,youth_unemployment,9.874
Češka,2007,youth_unemployment,10.734
Češka,2006,youth_unemployment,17.447
Češka,2005,youth_unemployment,19.248
Češka,2004,youth_unemployment,20.377
Češka,2003,youth_unemployment,17.555
Češka,2002,youth_unemployment,15.982
Češka,2001,youth_unemployment,16.557
Češka,2000,youth_unemployment,16.97
Češka,2023,inflation,10.6612601372427
Češka,2022,inflation,15.100165146837
Češka,2021,inflation,3.83984491500146
Češka,2020,inflation,3.1612952849781
Češka,2019,inflation,2.84787595918041
Češka,2018,inflation,2.14949494949492
Češka,2017,inflation,2.4505339846014
Češka,2016,inflation,0.683504209385702
Češka,2015,inflation,0.309364548494975
Češka,2014,inflation,0.343988589646793
Češka,2013,inflation,1.4382978723404
Češka,2012,inflation,3.28762306610411
Češka,2011,inflation,1.9172191363555
Češka,2010,inflation,1.47272727272728
Češka,2009,inflation,1.01937735329229
Češka,2008,inflation,6.3586638015237
Češka,2007,inflation,2.8531243721117
Češka,2006,inflation,2.53399258343633
Češka,2005,inflation,1.85709789109228
Češka,2004,inflation,2.76010781671153
Češka,2003,inflation,0.118739205526814
Češka,2002,inflation,1.90298097019026
Češka,2001,inflation,4.66267556988257
Češka,2000,inflation,3.77538829151729
Češka,2023,fertility_rate,1.46
Češka,2022,fertility_rate,1.64
Češka,2021,fertility_rate,1.83
Češka,2020,fertility_rate,1.74
Češka,2019,fertility_rate,1.71
Češka,2018,fertility_rate,1.71
Češka,2017,fertility_rate,1.69
Češka,2016,fertility_rate,1.63
Češka,2015,fertility_rate,1.57
Češka,2014,fertility_rate,1.53
Češka,2013,fertility_rate,1.46
Češka,2012,fertility_rate,1.45
Češka,2011,fertility_rate,1.43
Češka,2010,fertility_rate,1.51
Češka,2009,fertility_rate,1.51
Češka,2008,fertility_rate,1.51
Češka,2007,fertility_rate,1.45
Češka,2006,fertility_rate,1.34
Češka,2005,fertility_rate,1.29
Češka,2004,fertility_rate,1.23
Češka,2003,fertility_rate,1.18
Češka,2002,fertility_rate,1.17
Češka,2001,fertility_rate,1.15
Češka,2000,fertility_rate,1.15
Slovaška,2023,gdp_per_capita,24614.8734642794
Slovaška,2022,gdp_per_capita,21317.7943982363
Slovaška,2021,gdp_per_capita,22123.3342114545
Slovaška,2020,gdp_per_capita,19735.4858280801
Slovaška,2019,gdp_per_capita,19406.0589683582
Slovaška,2018,gdp_per_capita,19573.3717031314
Slovaška,2017,gdp_per_capita,17645.5298716761
Slovaška,2016,gdp_per_capita,16636.0769133073
Slovaška,2015,gdp_per_capita,16442.0760860018
Slovaška,2014,gdp_per_capita,18770.9289896545
Slovaška,2013,gdp_per_capita,18312.7805149823
Slovaška,2012,gdp_per_capita,17516.9691054078
Slovaška,2011,gdp_per_capita,18469.4354316836
Slovaška,2010,gdp_per_capita,16899.448680529
Slovaška,2009,gdp_per_capita,16586.7527805228
Slovaška,2008,gdp_per_capita,18744.3192278346
Slovaška,2007,gdp_per_capita,16110.4817265237
Slovaška,2006,gdp_per_capita,13167.8954730379
Slovaška,2005,gdp_per_capita,11641.5410321763
Slovaška,2004,gdp_per_capita,10650.1290097126
Slovaška,2003,gdp_per_capita,8675.39633696465
Slovaška,2002,gdp_per_capita,6554.62808369461
Slovaška,2001,gdp_per_capita,5712.47802761654
Slovaška,2000,gdp_per_capita,5421.6448441887
Slovaška,2023,life_expectancy,78.119512195122
Slovaška,2022,life_expectancy,76.9658536585366
Slovaška,2021,life_expectancy,74.6146341463415
Slovaška,2020,life_expectancy,76.8658536585366
Slovaška,2019,life_expectancy,77.6658536585366
Slovaška,2018,life_expectancy,77.2658536585366
Slovaška,2017,life_expectancy,77.1658536585366
Slovaška,2016,life_expectancy,77.1658536585366
Slovaška,2015,life_expectancy,76.5634146341463
Slovaška,2014,life_expectancy,76.8121951219512
Slovaška,2013,life_expectancy,76.4121951219512
Slovaška,2012,life_expectancy,76.109756097561
Slovaška,2011,life_expectancy,75.9585365853659
Slovaška,2010,life_expectancy,75.1121951219512
Slovaška,2009,life_expectancy,74.909756097561
Slovaška,2008,life_expectancy,74.7048780487805
Slovaška,2007,life_expectancy,74.2073170731707
Slovaška,2006,life_expectancy,74.2048780487805
Slovaška,2005,life_expectancy,73.9048780487805
Slovaška,2004,life_expectancy,73.9585365853659
Slovaška,2003,life_expectancy,73.6048780487805
Slovaška,2002,life_expectancy,73.6048780487805
Slovaška,2001,life_expectancy,73.4024390243903
Slovaška,2000,life_expectancy,73.0512195121951
Slovaška,2023,internet_users,87.2131343
Slovaška,2022,internet_users,89.06766196
Slovaška,2021,internet_users,88.92560523
Slovaška,2020,internet_users,89.92090413
Slovaška,2019,internet_users,82.8536605021784
Slovaška,2018,internet_users,80.4489224826099
Slovaška,2017,internet_users,81.6256675172655
Slovaška,2016,internet_users,80.475857275668
Slovaška,2015,internet_users,77.6346820339875
Slovaška,2014,internet_users,79.9843017656729
Slovaška,2013,internet_users,77.8826
Slovaška,2012,internet_users,76.7099901181121
Slovaška,2011,internet_users,74.4399971746757
Slovaška,2010,internet_users,75.71
Slovaška,2009,internet_users,70.0
Slovaška,2008,internet_users,66.05
Slovaška,2007,internet_users,61.8
Slovaška,2006,internet_users,56.08
Slovaška,2005,internet_users,55.19
Slovaška,2004,internet_users,52.89
Slovaška,2003,internet_users,43.04
Slovaška,2002,internet_users,40.14
Slovaška,2001,internet_users,12.5283218484637
Slovaška,2000,internet_users,9.42680320061637
Slovaška,2023,infant_mortality,5.2
Slovaška,2022,infant_mortality,5.1
Slovaška,2021,infant_mortality,5.0
Slovaška,2020,infant_mortality,5.0
Slovaška,2019,infant_mortality,5.0
Slovaška,2018,infant_mortality,5.0
Slovaška,2017,infant_mortality,5.0
Slovaška,2016,infant_mortality,5.1
Slovaška,2015,infant_mortality,5.2
Slovaška,2014,infant_mortality,5.2
Slovaška,2013,infant_mortality,5.3
Slovaška,2012,infant_mortality,5.4
Slovaška,2011,infant_mortality,5.5
Slovaška,2010,infant_mortality,5.7
Slovaška,2009,infant_mortality,5.9
Slovaška,2008,infant_mortality,6.1
Slovaška,2007,infant_mortality,6.3
Slovaška,2006,infant_mortality,6.6
Slovaška,2005,infant_mortality,6.9
Slovaška,2004,infant_mortality,7.1
Slovaška,2003,infant_mortality,7.3
Slovaška,2002,infant_mortality,7.5
Slovaška,2001,infant_mortality,7.8
Slovaška,2000,infant_mortality,8.0
Slovaška,2023,unemployment,5.843
Slovaška,2022,unemployment,6.143
Slovaška,2021,unemployment,6.894
Slovaška,2020,unemployment,6.719
Slovaška,2019,unemployment,5.761
Slovaška,2018,unemployment,6.544
Slovaška,2017,unemployment,8.142
Slovaška,2016,unemployment,9.679
Slovaška,2015,unemployment,11.492
Slovaška,2014,unemployment,11.536
Slovaška,2013,unemployment,14.226
Slovaška,2012,unemployment,13.966
Slovaška,2011,unemployment,13.634
Slovaška,2010,unemployment,14.387
Slovaška,2009,unemployment,12.023
Slovaška,2008,unemployment,9.514
Slovaška,2007,unemployment,11.16
Slovaška,2006,unemployment,13.395
Slovaška,2005,unemployment,16.276
Slovaška,2004,unemployment,18.206
Slovaška,2003,unemployment,17.549
Slovaška,2002,unemployment,18.541
Slovaška,2001,unemployment,19.148
Slovaška,2000,unemployment,18.546
Slovaška,2023,youth_unemployment,19.867
Slovaška,2022,youth_unemployment,19.924
Slovaška,2021,youth_unemployment,21.211
Slovaška,2020,youth_unemployment,19.438
Slovaška,2019,youth_unemployment,16.12
Slovaška,2018,youth_unemployment,14.971
Slovaška,2017,youth_unemployment,18.962
Slovaška,2016,youth_unemployment,22.274
Slovaška,2015,youth_unemployment,26.571
Slovaška,2014,youth_unemployment,26.745
Slovaška,2013,youth_unemployment,33.711
Slovaška,2012,youth_unemployment,34.102
Slovaška,2011,youth_unemployment,33.487
Slovaška,2010,youth_unemployment,33.749
Slovaška,2009,youth_unemployment,27.423
Slovaška,2008,youth_unemployment,19.069
Slovaška,2007,youth_unemployment,20.479
Slovaška,2006,youth_unemployment,26.846
Slovaška,2005,youth_unemployment,30.275
Slovaška,2004,youth_unemployment,32.996
Slovaška,2003,youth_unemployment,33.408
Slovaška,2002,youth_unemployment,37.428
Slovaška,2001,youth_unemployment,38.879
Slovaška,2000,youth_unemployment,36.611
Slovaška,2023,inflation,10.5319476645211
Slovaška,2022,inflation,12.7741463637611
Slovaška,2021,inflation,3.14960629921268
Slovaška,2020,inflation,1.93694126694223
Slovaška,2019,inflation,2.66456133425431
Slovaška,2018,inflation,2.51403712883812
Slovaška,2017,inflation,1.31194588223228
Slovaška,2016,inflation,-0.520010196278266
Slovaška,2015,inflation,-0.325219777427673
Slovaška,2014,inflation,-0.0761653295419871
Slovaška,2013,inflation,1.40047368963025
Slovaška,2012,inflation,3.6061026352289
Slovaška,2011,inflation,3.9192859914629
Slovaška,2010,inflation,0.957018132975143
Slovaška,2009,inflation,1.61510464058238
Slovaška,2008,inflation,4.59817976325028
Slovaška,2007,inflation,2.7567237163814
Slovaška,2006,inflation,4.48333120449611
Slovaška,2005,inflation,2.70908494588384
Slovaška,2004,inflation,7.54850088183423
Slovaška,2003,inflation,8.55414305406645
Slovaška,2002,inflation,3.12714222984608
Slovaška,2001,inflation,7.3296201911553
Slovaška,2000,inflation,12.0357805974299
Slovaška,2023,fertility_rate,1.49
Slovaška,2022,fertility_rate,1.57
Slovaška,2021,fertility_rate,1.63
Slovaška,2020,fertility_rate,1.59
Slovaška,2019,fertility_rate,1.57
Slovaška,2018,fertility_rate,1.54
Slovaška,2017,fertility_rate,1.52
Slovaška,2016,fertility_rate,1.48
Slovaška,2015,fertility_rate,1.4
Slovaška,2014,fertility_rate,1.37
Slovaška,2013,fertility_rate,1.34
Slovaška,2012,fertility_rate,1.34
Slovaška,2011,fertility_rate,1.45
Slovaška,2010,fertility_rate,1.43
Slovaška,2009,fertility_rate,1.44
Slovaška,2008,fertility_rate,1.34
Slovaška,2007,fertility_rate,1.27
Slovaška,2006,fertility_rate,1.25
Slovaška,2005,fertility_rate,1.27
Slovaška,2004,fertility_rate,1.25
Slovaška,2003,fertility_rate,1.2
Slovaška,2002,fertility_rate,1.19
Slovaška,2001,fertility_rate,1.2
Slovaška,2000,fertility_rate,1.3
Nemčija,2023,gdp_per_capita,54776.7668235491
Nemčija,2022,gdp_per_capita,50506.5179638543
Nemčija,2021,gdp_per_capita,52349.2459994422
Nemčija,2020,gdp_per_capita,47394.8734504469
Nemčija,2019,gdp_per_capita,47656.199739747
Nemčija,2018,gdp_per_capita,48916.1686612154
Nemčija,2017,gdp_per_capita,45553.9341495339
Nemčija,2016,gdp_per_capita,42948.9381932694
Nemčija,2015,gdp_per_capita,41929.7549110722
Nemčija,2014,gdp_per_capita,48959.5991203133
Nemčija,2013,gdp_per_capita,47206.8353514242
Nemčija,2012,gdp_per_capita,44718.0159214069
Nemčija,2011,gdp_per_capita,47630.9761883572
Nemčija,2010,gdp_per_capita,42396.9665976293
Nemčija,2009,gdp_per_capita,42471.8868625226
Nemčija,2008,gdp_per_capita,46379.1647953479
Nemčija,2007,gdp_per_capita,42350.9217211489
Nemčija,2006,gdp_per_capita,36980.3349948954
Nemčija,2005,gdp_per_capita,35084.4363546269
Nemčija,2004,gdp_per_capita,34566.7359143735
Nemčija,2003,gdp_per_capita,30711.1022511331
Nemčija,2002,gdp_per_capita,25486.5942008748
Nemčija,2001,gdp_per_capita,23878.3641471651
Nemčija,2000,gdp_per_capita,23925.8559901991
Nemčija,2023,life_expectancy,81.0414634146342
Nemčija,2022,life_expectancy,80.6080487804878
Nemčija,2021,life_expectancy,80.790243902439
Nemčija,2020,life_expectancy,81.0414634146342
Nemčija,2019,life_expectancy,81.2926829268293
Nemčija,2018,life_expectancy,80.8926829268293
Nemčija,2017,life_expectancy,80.9926829268293
Nemčija,2016,life_expectancy,80.990243902439
Nemčija,2015,life_expectancy,80.6414634146341
Nemčija,2014,life_expectancy,81.090243902439
Nemčija,2013,life_expectancy,80.490243902439
Nemčija,2012,life_expectancy,80.5390243902439
Nemčija,2011,life_expectancy,80.4365853658537
Nemčija,2010,life_expectancy,79.9878048780488
Nemčija,2009,life_expectancy,79.8365853658537
Nemčija,2008,life_expectancy,79.7365853658537
Nemčija,2007,life_expectancy,79.5341463414634
Nemčija,2006,life_expectancy,79.1317073170732
Nemčija,2005,life_expectancy,78.9317073170732
Nemčija,2004,life_expectancy,78.6804878048781
Nemčija,2003,life_expectancy,78.3804878048781
Nemčija,2002,life_expectancy,78.2292682926829
Nemčija,2001,life_expectancy,78.3292682926829
Nemčija,2000,life_expectancy,77.9268292682927
Nemčija,2023,internet_users,92.4763763
Nemčija,2022,internet_users,91.62984383
Nemčija,2021,internet_users,91.43060973
Nemčija,2020,internet_users,89.81294133
Nemčija,2019,internet_users,88.1345169091916
Nemčija,2018,internet_users,87.037112092841
Nemčija,2017,internet_users,84.3941537010844
Nemčija,2016,internet_users,84.1652066441212
Nemčija,2015,internet_users,87.5897993525767
Nemčija,2014,internet_users,86.1937006578756
Nemčija,2013,internet_users,84.17
Nemčija,2012,internet_users,82.3499984738392
Nemčija,2011,internet_users,81.26999953602
Nemčija,2010,internet_users,82.0
Nemčija,2009,internet_users,79.0
Nemčija,2008,internet_users,78.0
Nemčija,2007,internet_users,75.16
Nemčija,2006,internet_users,72.16
Nemčija,2005,internet_users,68.71
Nemčija,2004,internet_users,64.73
Nemčija,2003,internet_users,55.9
Nemčija,2002,internet_users,48.82
Nemčija,2001,internet_users,31.650939416316
Nemčija,2000,internet_users,30.2163466048889
Nemčija,2023,infant_mortality,3.1
Nemčija,2022,infant_mortality,3.1
Nemčija,2021,infant_mortality,3.1
Nemčija,2020,infant_mortality,3.1
Nemčija,2019,infant_mortality,3.1
Nemčija,2018,infant_mortality,3.2
Nemčija,2017,infant_mortality,3.2
Nemčija,2016,infant_mortality,3.3
Nemčija,2015,infant_mortality,3.3
Nemčija,2014,infant_mortality,3.3
Nemčija,2013,infant_mortality,3.3
Nemčija,2012,infant_mortality,3.4
Nemčija,2011,infant_mortality,3.4
Nemčija,2010,infant_mortality,3.5
Nemčija,2009,infant_mortality,3.5
Nemčija,2008,infant_mortality,3.6
Nemčija,2007,infant_mortality,3.7
Nemčija,2006,infant_mortality,3.8
Nemčija,2005,infant_mortality,3.9
Nemčija,2004,infant_mortality,4.0
Nemčija,2003,infant_mortality,4.1
Nemčija,2002,infant_mortality,4.2
Nemčija,2001,infant_mortality,4.3
Nemčija,2000,infant_mortality,4.4
Nemčija,2023,unemployment,3.071
Nemčija,2022,unemployment,3.137
Nemčija,2021,unemployment,3.594
Nemčija,2020,unemployment,3.881
Nemčija,2019,unemployment,3.163
Nemčija,2018,unemployment,3.384
Nemčija,2017,unemployment,3.781
Nemčija,2016,unemployment,4.104
Nemčija,2015,unemployment,4.612
Nemčija,2014,unemployment,4.979
Nemčija,2013,unemployment,5.316
Nemčija,2012,unemployment,5.372
Nemčija,2011,unemployment,5.967
Nemčija,2010,unemployment,7.043
Nemčija,2009,unemployment,7.88
Nemčija,2008,unemployment,7.508
Nemčija,2007,unemployment,8.732
Nemčija,2006,unemployment,10.277
Nemčija,2005,unemployment,11.193
Nemčija,2004,unemployment,10.727
Nemčija,2003,unemployment,9.779
Nemčija,2002,unemployment,8.482
Nemčija,2001,unemployment,7.773
Nemčija,2000,unemployment,7.917
Nemčija,2023,youth_unemployment,6.02
Nemčija,2022,youth_unemployment,6.049
Nemčija,2021,youth_unemployment,6.665
Nemčija,2020,youth_unemployment,7.862
Nemčija,2019,youth_unemployment,5.859
Nemčija,2018,youth_unemployment,6.22
Nemčija,2017,youth_unemployment,6.77
Nemčija,2016,youth_unemployment,7.079
Nemčija,2015,youth_unemployment,7.328
Nemčija,2014,youth_unemployment,7.612
Nemčija,2013,youth_unemployment,7.825
Nemčija,2012,youth_unemployment,8.119
Nemčija,2011,youth_unemployment,8.927
Nemčija,2010,youth_unemployment,10.416
Nemčija,2009,youth_unemployment,11.309
Nemčija,2008,youth_unemployment,10.929
Nemčija,2007,youth_unemployment,11.824
Nemčija,2006,youth_unemployment,13.402
Nemčija,2005,youth_unemployment,15.463
Nemčija,2004,youth_unemployment,12.984
Nemčija,2003,youth_unemployment,11.024
Nemčija,2002,youth_unemployment,9.285
Nemčija,2001,youth_unemployment,7.787
Nemčija,2000,youth_unemployment,8.545
Nemčija,2023,inflation,5.94643667725823
Nemčija,2022,inflation,6.87257438551096
Nemčija,2021,inflation,3.06666666666673
Nemčija,2020,inflation,0.144877925813981
Nemčija,2019,inflation,1.44565976888253
Nemčija,2018,inflation,1.73216879766941
Nemčija,2017,inflation,1.50949485109628
Nemčija,2016,inflation,0.491747008445174
Nemčija,2015,inflation,0.514426137125456
Nemčija,2014,inflation,0.906794000434245
Nemčija,2013,inflation,1.50472330251876
Nemčija,2012,inflation,2.00848884782956
Nemčija,2011,inflation,2.07517283735874
Nemčija,2010,inflation,1.1038103778926
Nemčija,2009,inflation,0.312739007368446
Nemčija,2008,inflation,2.62837981637219
Nemčija,2007,inflation,2.2983440070095
Nemčija,2006,inflation,1.57742642840563
Nemčija,2005,inflation,1.54691114751328
Nemčija,2004,inflation,1.66573696655991
Nemčija,2003,inflation,1.03422218628562
Nemčija,2002,inflation,1.42080615551526
Nemčija,2001,inflation,1.98385731334471
Nemčija,2000,inflation,1.44026838719741
Nemčija,2023,fertility_rate,1.39
Nemčija,2022,fertility_rate,1.455
Nemčija,2021,fertility_rate,1.58
Nemčija,2020,fertility_rate,1.53
Nemčija,2019,fertility_rate,1.54
Nemčija,2018,fertility_rate,1.57
Nemčija,2017,fertility_rate,1.57
Nemčija,2016,fertility_rate,1.6
Nemčija,2015,fertility_rate,1.5
Nemčija,2014,fertility_rate,1.47
Nemčija,2013,fertility_rate,1.42
Nemčija,2012,fertility_rate,1.41
Nemčija,2011,fertility_rate,1.39
Nemčija,2010,fertility_rate,1.39
Nemčija,2009,fertility_rate,1.36
Nemčija,2008,fertility_rate,1.38
Nemčija,2007,fertility_rate,1.37
Nemčija,2006,fertility_rate,1.33
Nemčija,2005,fertility_rate,1.34
Nemčija,2004,fertility_rate,1.36
Nemčija,2003,fertility_rate,1.34
Nemčija,2002,fertility_rate,1.34
Nemčija,2001,fertility_rate,1.35
Nemčija,2000,fertility_rate,1.38
